tool,authors,link
AmyloGraph,Michał Burdukiewicz,https://github.com/KotulskaLab/AmyloGraph
AmyloGraph,Dominik Rafacz,https://github.com/KotulskaLab/AmyloGraph
AmyloGraph,Agnieszka Barbach,https://github.com/KotulskaLab/AmyloGraph
AmyloGraph,Katarzyna Hubicka,https://github.com/KotulskaLab/AmyloGraph
AmyloGraph,Laura Bąkała,https://github.com/KotulskaLab/AmyloGraph
AmyloGraph,Anna Lassota,https://github.com/KotulskaLab/AmyloGraph
AmyloGraph,Jakub Stecko,https://github.com/KotulskaLab/AmyloGraph
AmyloGraph,Natalia Szymańska,https://github.com/KotulskaLab/AmyloGraph
AmyloGraph,Jakub W Wojciechowski,https://github.com/KotulskaLab/AmyloGraph
AmyloGraph,Dominika Kozakiewicz,https://github.com/KotulskaLab/AmyloGraph
AmyloGraph,Natalia Szulc,https://github.com/KotulskaLab/AmyloGraph
AmyloGraph,Jarosław Chilimoniuk,https://github.com/KotulskaLab/AmyloGraph
AmyloGraph,Izabela Jęśkowiak,https://github.com/KotulskaLab/AmyloGraph
AmyloGraph,Marlena Gąsior-Głogowska,https://github.com/KotulskaLab/AmyloGraph
AmyloGraph,Małgorzata Kotulska,https://github.com/KotulskaLab/AmyloGraph
imputomics,Jarosław Chilimoniuk,https://github.com/BioGenies/imputomics
imputomics,Krystyna Grzesiak,https://github.com/BioGenies/imputomics
imputomics,Jakub Kała,https://github.com/BioGenies/imputomics
imputomics,Dominik Nowakowski,https://github.com/BioGenies/imputomics
imputomics,Adam Krętowski,https://github.com/BioGenies/imputomics
imputomics,Rafał Kolenda,https://github.com/BioGenies/imputomics
imputomics,Michał Ciborowski,https://github.com/BioGenies/imputomics
imputomics,Michał Burdukiewicz,https://github.com/BioGenies/imputomics
HaDeX,Weronika Puchała,https://github.com/hadexversum/HaDeX
HaDeX,Michał Burdukiewicz,https://github.com/hadexversum/HaDeX
HaDeX,Michał Kistowski,https://github.com/hadexversum/HaDeX
HaDeX,Katarzyna A Dąbrowska,https://github.com/hadexversum/HaDeX
HaDeX,Aleksandra E Badaczewska-Dawid,https://github.com/hadexversum/HaDeX
HaDeX,Dominik Cysewski,https://github.com/hadexversum/HaDeX
HaDeX,Michał Dadlez,https://github.com/hadexversum/HaDeX
countfitteR,Jarosław Chilimoniuk,https://github.com/BioGenies/countfitteR
countfitteR,Alicja Gosiewska,https://github.com/BioGenies/countfitteR
countfitteR,Jadwiga Słowik,https://github.com/BioGenies/countfitteR
countfitteR,Romano Weiss,https://github.com/BioGenies/countfitteR
countfitteR,P Markus Deckert,https://github.com/BioGenies/countfitteR
countfitteR,Stefan Rödiger,https://github.com/BioGenies/countfitteR
countfitteR,Michał Burdukiewicz,https://github.com/BioGenies/countfitteR
AmyloGram,Michał Burdukiewicz,https://github.com/michbur/AmyloGram
AmyloGram,Piotr Sobczyk,https://github.com/michbur/AmyloGram
AmyloGram,Stefan Rödiger,https://github.com/michbur/AmyloGram
AmyloGram,Anna Duda-Madej,https://github.com/michbur/AmyloGram
AmyloGram,Paweł Mackiewicz,https://github.com/michbur/AmyloGram
AmyloGram,Małgorzata Kotulska,https://github.com/michbur/AmyloGram
PlastoGram,Katarzyna Sidorczuk,https://github.com/BioGenies/PlastoGram
PlastoGram,Przemysław Gagat,https://github.com/BioGenies/PlastoGram
PlastoGram,Jakub Kała,https://github.com/BioGenies/PlastoGram
PlastoGram,Henrik Nielsen,https://github.com/BioGenies/PlastoGram
PlastoGram,Filip Pietluch,https://github.com/BioGenies/PlastoGram
PlastoGram,Paweł Mackiewicz,https://github.com/BioGenies/PlastoGram
PlastoGram,Michał Burdukiewicz,https://github.com/BioGenies/PlastoGram
AmpGram,Michał Burdukiewicz,https://github.com/michbur/AmpGram
AmpGram,Katarzyna Sidorczuk,https://github.com/michbur/AmpGram
AmpGram,Dominik Rafacz,https://github.com/michbur/AmpGram
AmpGram,Filip Pietluch,https://github.com/michbur/AmpGram
AmpGram,Jarosław Chilimoniuk,https://github.com/michbur/AmpGram
AmpGram,Stefan Rödiger,https://github.com/michbur/AmpGram
AmpGram,Przemysław Gagat,https://github.com/michbur/AmpGram
CancerGram,Michał Burdukiewicz Katarzyna Sidorczuk,https://github.com/BioGenies/CancerGram
CancerGram,Dominik Rafacz,https://github.com/BioGenies/CancerGram
CancerGram,Filip Pietluch,https://github.com/BioGenies/CancerGram
CancerGram,Mateusz Bąkała,https://github.com/BioGenies/CancerGram
CancerGram,Jadwiga Słowik,https://github.com/BioGenies/CancerGram
CancerGram,Przemysław Gagat,https://github.com/BioGenies/CancerGram
